
INSERT INTO "answer" ("id","text") VALUES (1,'Дипломы государственного образца.'),
 (2,'Детский сад, онлайн-школа, колледж, бакалавриат, специалитет, магистратура, аспирантура, MBA, дополнительное профессиональное образование, курсы и «Университет долголетия».'),
 (3,'Без результатов ЕГЭ на программы бакалавриата и специалитета могут поступить граждане других государств. Если вы недовольны результатами ЕГЭ, обратитесь к специалисту приёмной комиссии, чтобы подобрать оптимальный вариант для продолжения обучения.'),
 (4,'Оформление целевого кредита с господдержкой в Т-банке, «Сбере», РНКБ, рассрочка и оплата материнским капиталом.'),
 (5,'Да, бюджетные места предусмотрены на программах бакалавриата (информационные системы и технологии), специалитета (фармация), магистратуры (прикладная информатика, экономика, педагогическое образование, юриспруденция). Поступление осуществляется по результатам ЕГЭ и вступительных испытаний. На бюджетных местах доступна только очная форма обучения.'),
 (6,'Да, на программе обучения «Кадровый резерв». Это целевая программа, которая даёт возможность учиться и проживать в общежитии бесплатно. Поступить на неё могут только жители регионов России и стран ближнего зарубежья. В рамках программы студенты трудоустраиваются в Корпорацию «Синергия» с первого дня обучения и получают заработную плату. На программе доступна только очная форма обучения по направлению «Менеджмент».'),
 (7,'На льготы могут претендовать инвалиды I и II групп; сироты и дети, оставшиеся без попечения, не достигшие 21 года; дети из многодетных семей, не достигшие 21 года; дети до 21 года, потерявшие одного родителя и оставшиеся на попечении у лица пенсионного возраста; участники войн и вооружённых конфликтов и другие категории граждан (полный перечень запросите у специалиста приёмной комиссии).'),
 (8,'Да, на отсрочку от призыва на военную службу могут претендовать: студенты очной формы колледжа, бакалавриата или специалитета, учащиеся очной формы магистратуры, которые поступили в год окончания бакалавриата или специалитета, аспиранты и ординаторы.'),
 (9,'Да, в том числе на дистанционной форме, находясь в родной стране. Если вы решите выбрать очную форму, вам будет предоставлено место в общежитии.'),
 (10,'Студенты получают доступ к личному кабинету в нашей LMS-системе (Learning Management System). Есть десктопные и мобильные версии, а также приложение. Система имеет разнообразный функционал: есть расписание занятий и экзаменов, можно увидеть свои оценки, следить за новостями вуза, пользоваться бесплатной библиотекой и многое другое. Обучение на дистанционной форме модульное: вы проходите один учебный модуль, сдаёте тест и переходите на следующий. По окончании вы получите диплом государственного образца.'),
 (11,'Это зависит от программы обучения и факультета, стоимость начинается от 80 000 руб. в год. Более подробную информацию необходимо уточнить у специалиста приёмной комиссии.'),
 (12,'Да, у нас есть кампус в Дубае и две программы двойного диплома — с Сербией и Китаем.'),
 (13,'Запишитесь на индивидуальную консультацию со специалистом приёмной комиссии.'),
 (14,'У нас гибкая система ценообразования. Это значит, что стоимость обучения в каждом случае зависит от целого ряда факторов, в числе которых выбранная программа, форма обучения, регион проживания, возможность получения скидки.'),
 (15,'Вуз предлагает студентам кредит на образование со ставкой 3% годовых. Для его оформления необходимо предоставить паспорт и договор на обучение. О других доступных видах рассрочек читайте на https://synergy.ru/abiturientam/credit_na_obrazovanie_s_podderzhkoj_gosudarstva.'),
 (16,'Аккредитация — это процедура официального подтверждения соответствия требуемым стандартам. Аккредитация Университета «Синергия» свидетельствует о том, что содержание и качество подготовки наших выпускников полностью соответствует федеральным государственным стандартам образования. Также именно свидетельство об аккредитации позволяет вузу предоставлять отсрочку от армии на очной форме обучения и выдавать государственные дипломы.'),
 (17,'Аккредитация проводится один раз в 6 лет. Мы прошли данную процедуру в 2019 году, а это означает, что до 15.05.2025 года наши студенты могут быть уверены в том, что они успешно закончат обучение и получат государственный диплом. Далее процедура повторится.'),
 (18,'Образовательная лицензия дает право на ведение образовательной деятельности. Университет «Синергия» имеет лицензию, выданную Федеральной службой по надзору в сфере образования и науки № 1015 от 02.06.2014 (с приложениями), действующую бессрочно.'),
 (19,'«Синергия» предлагает множество международных программ обучения. Университет сотрудничает с различными иностранными и международными организациями в области образования и науки. Каждый студент имеет возможность выбрать подходящую ему международную программу.'),
 (20,'С полным списком факультетов и программ вы можете ознакомиться в разделе «Абитуриентам».(https://synergy.ru/abiturientam/)'),
 (21,'Бакалавриат подразумевает различные профили. Срок обучения составляет 4 года. После получения диплома бакалавра студент может пойти в магистратуру для получения более высокой степени — магистра.Специалитет — это классическая система пятилетнего высшего образования. Специалитет подразумевает под собой обучение по специальности с получением более узкой специализации.Преимуществом бакалавриата на рынке труда является его принятие как международной квалификации. Учебные программы бакалавров позволяют за 1 год перейти к любой совместимой профессии, а специалитет дает возможность осваивать новую специальность только при получении второго высшего образования.'),
 (22,'Бакалавриат — это первая базовая ступень высшего образования. Бакалавры учатся в вузе 4 года и получают универсальное первое высшее образование. Магистратура — это следующая ступень высшего образования, где студенты учатся 2 года и по окончании получают диплом магистра. С дипломом об окончании бакалавриата можно поступить в магистратуру другого вуза, в том числе зарубежного. Заканчивая бакалавриат, студент готовится к трудовой деятельности, а магистратура ориентируется на научно-исследовательскую работу и дает больше возможностей для карьеры руководителя.'),
 (23,'В Университете «Синергия» есть все формы обучения: очная (дневная), вечерняя, выходного дня и заочная с применением дистанционных образовательных технологий (через Интернет).'),
 (24,'Для поступления в колледж (СПО) необходим диплом об окончании 9 класса.Для поступления на бакалавриат необходим диплом об окончании 11 класса, либо диплом об уже имеющемся высшем образовании.Для поступления в магистратуру и МВА необходим диплом о высшем образовании.Обучение по программам колледжа, бакалавриата и магистратуры осуществляется во всех формах обучения.По программам МВА дополнительно можно обращаться в ПК.Уточнить форму обучения по интересующей вас программе и уровню образования вы можете в приемной комиссии по телефонам: +7 (800) 100 00 11, +7 (495) 545 43 45.'),
 (25,'Это классическая форма получения высшего образования для бакалавров и магистров. На очном отделении студенты посещают занятия днем 5-6 раз в неделю: ходят на лекции и семинары, сдают зачеты и экзамены. Учебный год разделен на 2 семестра и начинается 1 сентября. Студентам-очникам предоставляются льготы: отсрочка от армии и сниженная стоимость проезда на общественном транспорте.'),
 (26,'В рамках вечерней формы обучения студенты посещают занятия вечером 2 раза в неделю по будням. Занятия проходят на протяжении всего учебного года, студенты обязательно сдают зачеты и экзамены. Эта форма обучения позволяет совмещать учебу с трудовой и иной деятельностью. Если студент работает по специальности, то он может тут же применять полученные знания на практике.'),
 (27,'Обучение проходит в субботу и воскресенье. Количество занятий по выходным соответствует количеству часов, предусмотренных программой.'),
 (28,'Форма обучения в дипломах не указывается. Существует приложение к диплому, где указаны все дисциплины и кол-во часов, как на заочной форме.'),
 (29,'После зачисления вы получите логин и пароль для доступа к вашему личному кабинету. В личном кабинете вы найдете все необходимые материалы: электронные учебники и библиотеку, систему онлайн-тестирования, видеоконференции в режиме реального времени, видеоверсии мастер-классов, виртуальные площадки для проведения web-семинаров и тренингов, страницу с информацией о заказанных, оплаченных и пройденных курсах и программах.'),
 (30,'Колледж: для выпускников 9 класса — 2 года 10 месяцев;для выпускников 11 класса — 1 год 10 месяцев;для учащихся факультетов информационных технологий и дизайна — 3 года 10 месяцев.Бакалавриат: 4 — 4,5 года. Магистратура: 2 — 2,5 года. МВА: 2 года. Курсы профпереподготовки:3, 6 и 9 месяцев.'),
 (31,'В отличие от полного срока обучения, ускоренная программа позволяет освоить в полном объеме образовательную программу высшего образования за более короткий срок. Обучение лиц, которые способны учиться по ускоренной программе, проводится по индивидуальному плану. Сокращенная программа высшего образования (бакалавриат) предназначена для:студентов, имеющих среднее профессиональное образование соответствующего профиля;студентов, имеющих высшее образование различных ступеней;студентов, уровень образования или способности которых являются достаточным основанием для получения высшего образования по сокращенной программе.Сокращенное получение высшего образования по программе магистратуры не допускается. Сроки обучения сокращаются за счет:перезачета гуманитарных и социально-экономических дисциплин;перезачета математических и общих естественнонаучных дисциплин;перезачета близких по содержанию общепрофессиональных дисциплин.'),
 (32,'Для этого вам нужно зайти в раздел «Специальности»(https://synergy.ru/abiturientam/programmyi_obucheniya/), выбрать интересующую вас программу обучения, зайти на ее страницу и заполнить там форму заявки. Мы пришлем на ваш e-mail учебный план и подробно проконсультируем вас по дисциплинам.'),
 (33,'Обучение необходимо оплачивать своевременно: первый семестр — до 1 сентября, второй семестр — до 1 февраля. Сделать это можно удобным для вас способом: через банковский перевод, в операционной кассе «Синергия Капитал», или в кредит. Подробнее читайте в разделе «Другие варианты оплаты»(https://synergy.ru/students/#aboutPayment)'),
 (34,'Жизнь Университета наполнена яркими событиями и интересными проектами: КВН, спортивный клуб, интеллектуальные первенства «Ворошиловский стрелок», военно-патриотические мероприятия, путешествия по России и за рубеж, концерты известных артистов, встречи со звездами спортаи шоу-бизнеса, волонтерская деятельность, социально-значимые программы. Подпишитесь на нас в социальных сетях, и вы будете в курсе ближайших событий: «Вконтакте»(https://vk.com/synergyuniversity), «Одноклассники»(https://ok.ru/#/group/51990314877170).'),
 (35,'Эту информацию вы можете посмотреть на странице «Расписание» нашего сайта.(https://synergy.ru/students/schedule_lms)'),
 (36,'Итоговая государственная аттестация выпускников (государственные экзамены и защита выпускной квалификационной работы) проводится по всем основным образовательным программам высшего и среднего профессионального образования, имеющим государственную аккредитацию.С порядком проведения государственной итоговой аттестации вы можете ознакомиться на официальном сайте Министерства образования и науки РФ: колледж, высшее образование.'),
 (37,'Университет «Синергия» предоставляет своим студентам возможность проходить оплачиваемые стажировки и практику по специальности уже на 1 курсе. Студент может пройти практику в структурах холдинга «Синергия» или устроиться в любую компанию самостоятельно либо по направлению из деканата.'),
 (38,'Партнеры Университета «Синергия» — это более 500 компаний-работодателей. Наши студенты и выпускники работают в лидирующих компаниях-представителях своих отраслей: «Сбербанк», ВТБ24, МТС, «Главстрой», 1 С, «Росгосстрах», Splat, «Русский стандарт», «Яндекс» и многих других. Большинство студентов «Синергии» находят престижную работу еще во время учебы.'),
 (39,'Выпускники «Синергии» получают диплом государственного образца, поскольку у нашего университета есть госаккредитация и лицензия. Благодаря общеевропейскому приложению (Diploma Supplement) к вашему диплому вы можете продолжить учебу или устроиться на работу за рубежом.'),
 (40,'Это унифицированное европейское приложение к диплому, которое обеспечивает признание российского диплома за рубежом. Diploma Supplement подтверждает, что образование выпускника соответствует принципам Болонской декларации. Приложение заполняется на английском языке и включает в себя: информацию о системе образования РФ, содержание пройденной программы обучения в формате ECTS (зачетные единицы) и присвоенную квалификацию. Diploma Supplement требуется для продолжения образования в европейском вузе и может помочь при трудоустройстве в зарубежную компанию.'),
 (41,'В следующих странах: Австрия, Азербайджан, Албания, Андорра, Армения, Бельгия, Болгария, Босния и Герцеговина, Ватикан, Великобритания, Венгрия, Греция, Грузия, Дания, Ирландия, Исландия, Испания, Италия, Казахстан, Латвия, Литва, Лихтенштейн, Люксембург, Македония, Мальта, Молдавия, Нидерланды, Норвегия, Польша, Португалия, Россия, Румыния, Сербия, Словакия, Словения, Турция, Украина, Финляндия, Франция, Хорватия, Черногория, Чехия, Швейцария, Швеция и Эстония.'),
 (42,'5 000 рублей.'),
 (43,'Нострификация — это процедура признания документа иностранного государства о высшем или послевузовском профессиональном образовании. После нострификации этот документ получает законную силу на территории РФ.'),
 (44,'Нострификация требуется, если вы получили диплом в вузе, расположенном за пределами Российской Федерации.'),
 (45,'Нострификацию иностранных документов об образовании осуществляет Федеральная служба по надзору в сфере образования и науки. Подробнее о порядке нострификации вы можете узнать на сайте службы и по телефону +7 (495) 954-51-68.'),
 (46,'Диплом ничем не отличается от того, который бы вы получили по окончании Университета «Синергия». В любом регионе выдается государственный диплом Университета «Синергия».');
INSERT INTO "answers_tokens" ("answer","token") VALUES (1,1),
 (1,2),
 (1,3),
 (1,4),
 (1,5),
 (1,6),
 (2,2),
 (2,3),
 (2,7),
 (2,8),
 (2,4),
 (3,9),
 (3,2),
 (3,3),
 (3,10),
 (3,11),
 (4,12),
 (4,13),
 (4,7),
 (5,14),
 (5,2),
 (5,3),
 (5,10),
 (5,15),
 (6,16),
 (6,2),
 (6,7),
 (6,3),
 (6,10),
 (7,17),
 (7,18),
 (7,2),
 (7,7),
 (7,19),
 (7,3),
 (7,4),
 (8,20),
 (8,21),
 (8,22),
 (8,2),
 (8,3),
 (8,23),
 (8,10),
 (8,24),
 (9,18),
 (9,2),
 (9,3),
 (9,25),
 (9,26),
 (9,10),
 (9,1),
 (9,30),
 (9,7),
 (10,28),
 (10,29),
 (10,1),
 (10,30),
 (10,7),
 (11,7),
 (11,31),
 (11,32),
 (12,2),
 (12,33),
 (12,7),
 (12,34),
 (12,10),
 (12,3),
 (13,2),
 (13,35),
 (13,5),
 (13,36),
 (13,3),
 (13,4),
 (13,37),
 (14,7),
 (14,38),
 (15,2),
 (15,7),
 (15,39),
 (15,5),
 (15,10),
 (15,40),
 (15,41),
 (15,3),
 (16,42),
 (17,42),
 (17,43),
 (17,44),
 (18,43),
 (18,45),
 (18,46),
 (19,47),
 (19,8),
 (19,48),
 (19,7),
 (19,5),
 (20,8),
 (20,49),
 (21,50),
 (21,51),
 (21,52),
 (22,53),
 (22,51),
 (22,52),
 (23,7),
 (23,54),
 (24,54),
 (24,7),
 (24,55),
 (24,56),
 (24,57),
 (24,58),
 (25,7),
 (25,59),
 (25,28),
 (26,60),
 (26,28),
 (26,7),
 (27,7),
 (27,61),
 (27,28),
 (27,62),
 (28,63),
 (28,1),
 (28,64),
 (28,56),
 (28,65),
 (28,66),
 (28,67),
 (29,63),
 (29,68),
 (29,69),
 (29,70),
 (29,71),
 (30,44),
 (30,7),
 (30,31),
 (30,72),
 (31,73),
 (31,51),
 (31,7),
 (31,44),
 (31,74),
 (31,75),
 (31,76),
 (32,18),
 (32,35),
 (32,77),
 (32,78),
 (33,18),
 (33,7),
 (33,39),
 (34,79),
 (34,80),
 (35,81),
 (35,82),
 (36,28),
 (36,1),
 (36,83),
 (36,84),
 (37,28),
 (37,85),
 (38,86),
 (38,87),
 (38,88),
 (39,89),
 (39,87),
 (39,90),
 (39,1),
 (40,91),
 (40,92),
 (41,91),
 (41,93),
 (41,43),
 (41,92),
 (42,93),
 (42,31),
 (42,32),
 (42,92),
 (42,91),
 (43,94),
 (44,94),
 (44,28),
 (44,95),
 (45,18),
 (45,94),
 (45,96),
 (45,97),
 (46,2),
 (46,54),
 (46,98),
 (46,63),
 (46,1),
 (46,99),
 (46,7),
 (46,100),
 (46,4),
 (46,29),
 (46,3),
 (46,9);
INSERT INTO "token" ("id","text") VALUES (1,'диплом'),
 (2,' «'),
 (3,'синергия'),
 (4,'»
'),
 (5,'университет'),
 (6,'выдавать'),
 (7,'обучение'),
 (8,'программа'),
 (9,'поступать'),
 (10,'» '),
 (11,'егэ'),
 (12,'оплата'),
 (13,'способ'),
 (14,'место'),
 (15,'бюджетный'),
 (16,'целевой'),
 (17,'рассчитывать'),
 (18,'мочь'),
 (19,'льготный'),
 (20,'отсрочка'),
 (21,'предоставлять'),
 (22,'военный'),
 (23,'служба'),
 (24,'призыв'),
 (25,'учиться'),
 (26,'иностранный'),
 (27,'гражданин'),
 (28,'проходить'),
 (29,'дистанционный'),
 (30,'окончание'),
 (31,'сколько'),
 (32,'стоить'),
 (33,'зарубежный'),
 (34,'направление'),
 (35,'узнавать'),
 (36,'подробный'),
 (37,'информация'),
 (38,'стоимость'),
 (39,'оплачивать'),
 (40,'возможно'),
 (41,'кредит'),
 (42,'аккредитация'),
 (43,'действовать'),
 (44,'срок'),
 (45,'лицензия'),
 (46,'долго'),
 (47,'предлагать'),
 (48,'международный'),
 (49,'образовательный'),
 (50,'специалитет'),
 (51,'отличаться'),
 (52,'бакалавриат'),
 (53,'магистратура'),
 (54,'форма'),
 (55,'идти'),
 (56,'образование'),
 (57,'база'),
 (58,'набор'),
 (59,'очный'),
 (60,'вечерний'),
 (61,'день'),
 (62,'выходной'),
 (63,'получать'),
 (64,'высокий'),
 (65,'это'),
 (66,'указывать'),
 (67,'дистанционно'),
 (68,'поступление'),
 (69,'материал'),
 (70,'учебный'),
 (71,'доступ'),
 (72,'составлять'),
 (73,'сокращенный'),
 (74,'предназначать'),
 (75,'ускоренный'),
 (76,'полный'),
 (77,'изучаться'),
 (78,'дисциплина'),
 (79,'студенческий'),
 (80,'жизнь'),
 (81,'расписание'),
 (82,'семестр'),
 (83,'госэкзамен'),
 (84,'защита'),
 (85,'практика'),
 (86,'выпускник'),
 (87,'ваш'),
 (88,'работать'),
 (89,'признаваться'),
 (90,'котироваться'),
 (91,'diploma'),
 (92,'supplement'),
 (93,'приложение'),
 (94,'нострификация'),
 (95,'необходимо'),
 (96,'помогать'),
 (97,'прохождение'),
 (98,'заканчивать'),
 (99,'регион'),
 (100,'студент');

